teff	logg	MH	alpha	vmic
3500	1	1	0	2.12
3500	1	0.5	0	2.09
3500	1	0	0	2.06
3500	1	-0.5	0	2.04
3500	1	-1	0.4	2.02
3500	1	-1.5	0.4	2.01
3500	1	-2	0.4	2
3500	1.5	1	0	2.07
3500	1.5	0.5	0	2.03
3500	1.5	0	0	2.01
3500	1.5	-0.5	0	1.98
3500	1.5	-1	0.4	1.97
3500	1.5	-1.5	0.4	1.95
3500	1.5	-2	0.4	1.95
3500	2	1	0	2.01
3500	2	0.5	0	1.98
3500	2	0	0	1.95
3500	2	-0.5	0	1.93
3500	2	-1	0.4	1.91
3500	2	-1.5	0.4	1.9
3500	2	-2	0.4	1.89
3500	2.5	1	0	1.95
3500	2.5	0.5	0	1.91
3500	2.5	0	0	1.89
3500	2.5	-0.5	0	1.86
3500	2.5	-1	0.4	1.85
3500	2.5	-1.5	0.4	1.83
3500	2.5	-2	0.4	1.83
3500	3	1	0	1.88
3500	3	0.5	0	1.85
3500	3	0	0	1.82
3500	3	-0.5	0	1.8
3500	3	-1	0.4	1.78
3500	3	-1.5	0.4	1.77
3500	3	-2	0.4	1.76
3500	3.5	1	0	1.09
3500	3.5	0.5	0	1.06
3500	3.5	0	0	1.03
3500	3.5	-0.5	0	1.01
3500	3.5	-1	0.4	0.99
3500	3.5	-1.5	0.4	0.98
3500	3.5	-2	0.4	0.97
3500	4	1	0	1.02
3500	4	0.5	0	0.99
3500	4	0	0	0.96
3500	4	-0.5	0	0.94
3500	4	-1	0.4	0.92
3500	4	-1.5	0.4	0.91
3500	4	-2	0.4	0.9
3500	4.5	1	0	0.95
3500	4.5	0.5	0	0.92
3500	4.5	0	0	0.89
3500	4.5	-0.5	0	0.87
3500	4.5	-1	0.4	0.85
3500	4.5	-1.5	0.4	0.84
3500	4.5	-2	0.4	0.83
3500	5	1	0	0.88
3500	5	0.5	0	0.84
3500	5	0	0	0.82
3500	5	-0.5	0	0.79
3500	5	-1	0.4	0.78
3500	5	-1.5	0.4	0.76
3500	5	-2	0.4	0.76
3600	1	1	0	2.04
3600	1	0.5	0	2.01
3600	1	0	0	1.98
3600	1	-0.5	0	1.96
3600	1	-1	0.4	1.94
3600	1	-1.5	0.4	1.93
3600	1	-2	0.4	1.92
3600	1.5	1	0	1.99
3600	1.5	0.5	0	1.95
3600	1.5	0	0	1.93
3600	1.5	-0.5	0	1.9
3600	1.5	-1	0.4	1.89
3600	1.5	-1.5	0.4	1.87
3600	1.5	-2	0.4	1.87
3600	2	1	0	1.93
3600	2	0.5	0	1.89
3600	2	0	0	1.87
3600	2	-0.5	0	1.84
3600	2	-1	0.4	1.83
3600	2	-1.5	0.4	1.81
3600	2	-2	0.4	1.81
3600	2.5	1	0	1.87
3600	2.5	0.5	0	1.83
3600	2.5	0	0	1.81
3600	2.5	-0.5	0	1.78
3600	2.5	-1	0.4	1.77
3600	2.5	-1.5	0.4	1.75
3600	2.5	-2	0.4	1.75
3600	3	1	0	1.8
3600	3	0.5	0	1.77
3600	3	0	0	1.74
3600	3	-0.5	0	1.72
3600	3	-1	0.4	1.7
3600	3	-1.5	0.4	1.69
3600	3	-2	0.4	1.68
3600	3.5	1	0	1.09
3600	3.5	0.5	0	1.06
3600	3.5	0	0	1.03
3600	3.5	-0.5	0	1.01
3600	3.5	-1	0.4	0.99
3600	3.5	-1.5	0.4	0.98
3600	3.5	-2	0.4	0.97
3600	4	1	0	1.02
3600	4	0.5	0	0.99
3600	4	0	0	0.96
3600	4	-0.5	0	0.94
3600	4	-1	0.4	0.92
3600	4	-1.5	0.4	0.91
3600	4	-2	0.4	0.9
3600	4.5	1	0	0.95
3600	4.5	0.5	0	0.92
3600	4.5	0	0	0.89
3600	4.5	-0.5	0	0.87
3600	4.5	-1	0.4	0.85
3600	4.5	-1.5	0.4	0.84
3600	4.5	-2	0.4	0.83
3600	5	1	0	0.88
3600	5	0.5	0	0.84
3600	5	0	0	0.82
3600	5	-0.5	0	0.79
3600	5	-1	0.4	0.78
3600	5	-1.5	0.4	0.76
3600	5	-2	0.4	0.76
3700	1	1	0	1.97
3700	1	0.5	0	1.94
3700	1	0	0	1.91
3700	1	-0.5	0	1.89
3700	1	-1	0.4	1.87
3700	1	-1.5	0.4	1.86
3700	1	-2	0.4	1.85
3700	1.5	1	0	1.91
3700	1.5	0.5	0	1.88
3700	1.5	0	0	1.85
3700	1.5	-0.5	0	1.83
3700	1.5	-1	0.4	1.81
3700	1.5	-1.5	0.4	1.8
3700	1.5	-2	0.4	1.79
3700	2	1	0	1.85
3700	2	0.5	0	1.82
3700	2	0	0	1.79
3700	2	-0.5	0	1.77
3700	2	-1	0.4	1.75
3700	2	-1.5	0.4	1.74
3700	2	-2	0.4	1.73
3700	2.5	1	0	1.79
3700	2.5	0.5	0	1.76
3700	2.5	0	0	1.73
3700	2.5	-0.5	0	1.71
3700	2.5	-1	0.4	1.69
3700	2.5	-1.5	0.4	1.68
3700	2.5	-2	0.4	1.67
3700	3	1	0	1.73
3700	3	0.5	0	1.7
3700	3	0	0	1.67
3700	3	-0.5	0	1.65
3700	3	-1	0.4	1.63
3700	3	-1.5	0.4	1.62
3700	3	-2	0.4	1.61
3700	3.5	1	0	1.09
3700	3.5	0.5	0	1.06
3700	3.5	0	0	1.03
3700	3.5	-0.5	0	1.01
3700	3.5	-1	0.4	0.99
3700	3.5	-1.5	0.4	0.98
3700	3.5	-2	0.4	0.97
3700	4	1	0	1.02
3700	4	0.5	0	0.99
3700	4	0	0	0.96
3700	4	-0.5	0	0.94
3700	4	-1	0.4	0.92
3700	4	-1.5	0.4	0.91
3700	4	-2	0.4	0.9
3700	4.5	1	0	0.95
3700	4.5	0.5	0	0.92
3700	4.5	0	0	0.89
3700	4.5	-0.5	0	0.87
3700	4.5	-1	0.4	0.85
3700	4.5	-1.5	0.4	0.84
3700	4.5	-2	0.4	0.83
3700	5	1	0	0.88
3700	5	0.5	0	0.84
3700	5	0	0	0.82
3700	5	-0.5	0	0.79
3700	5	-1	0.4	0.78
3700	5	-1.5	0.4	0.76
3700	5	-2	0.4	0.76
3800	1	1	0	1.9
3800	1	0.5	0	1.87
3800	1	0	0	1.84
3800	1	-0.5	0	1.82
3800	1	-1	0.4	1.8
3800	1	-1.5	0.4	1.79
3800	1	-2	0.4	1.78
3800	1.5	1	0	1.84
3800	1.5	0.5	0	1.81
3800	1.5	0	0	1.78
3800	1.5	-0.5	0	1.76
3800	1.5	-1	0.4	1.74
3800	1.5	-1.5	0.4	1.73
3800	1.5	-2	0.4	1.72
3800	2	1	0	1.78
3800	2	0.5	0	1.75
3800	2	0	0	1.72
3800	2	-0.5	0	1.7
3800	2	-1	0.4	1.68
3800	2	-1.5	0.4	1.67
3800	2	-2	0.4	1.66
3800	2.5	1	0	1.72
3800	2.5	0.5	0	1.69
3800	2.5	0	0	1.66
3800	2.5	-0.5	0	1.64
3800	2.5	-1	0.4	1.62
3800	2.5	-1.5	0.4	1.61
3800	2.5	-2	0.4	1.6
3800	3	1	0	1.66
3800	3	0.5	0	1.63
3800	3	0	0	1.6
3800	3	-0.5	0	1.58
3800	3	-1	0.4	1.56
3800	3	-1.5	0.4	1.55
3800	3	-2	0.4	1.54
3800	3.5	1	0	1.09
3800	3.5	0.5	0	1.06
3800	3.5	0	0	1.03
3800	3.5	-0.5	0	1.01
3800	3.5	-1	0.4	0.99
3800	3.5	-1.5	0.4	0.98
3800	3.5	-2	0.4	0.97
3800	4	1	0	1.02
3800	4	0.5	0	0.99
3800	4	0	0	0.96
3800	4	-0.5	0	0.94
3800	4	-1	0.4	0.92
3800	4	-1.5	0.4	0.91
3800	4	-2	0.4	0.9
3800	4.5	1	0	0.95
3800	4.5	0.5	0	0.92
3800	4.5	0	0	0.89
3800	4.5	-0.5	0	0.87
3800	4.5	-1	0.4	0.85
3800	4.5	-1.5	0.4	0.84
3800	4.5	-2	0.4	0.83
3800	5	1	0	0.88
3800	5	0.5	0	0.84
3800	5	0	0	0.82
3800	5	-0.5	0	0.79
3800	5	-1	0.4	0.78
3800	5	-1.5	0.4	0.76
3800	5	-2	0.4	0.76
3900	1	1	0	1.84
3900	1	0.5	0	1.8
3900	1	0	0	1.78
3900	1	-0.5	0	1.75
3900	1	-1	0.4	1.74
3900	1	-1.5	0.4	1.72
3900	1	-2	0.4	1.72
3900	1.5	1	0	1.78
3900	1.5	0.5	0	1.75
3900	1.5	0	0	1.72
3900	1.5	-0.5	0	1.7
3900	1.5	-1	0.4	1.68
3900	1.5	-1.5	0.4	1.67
3900	1.5	-2	0.4	1.66
3900	2	1	0	1.72
3900	2	0.5	0	1.69
3900	2	0	0	1.66
3900	2	-0.5	0	1.64
3900	2	-1	0.4	1.62
3900	2	-1.5	0.4	1.61
3900	2	-2	0.4	1.6
3900	2.5	1	0	1.66
3900	2.5	0.5	0	1.63
3900	2.5	0	0	1.6
3900	2.5	-0.5	0	1.58
3900	2.5	-1	0.4	1.56
3900	2.5	-1.5	0.4	1.55
3900	2.5	-2	0.4	1.54
3900	3	1	0	1.6
3900	3	0.5	0	1.56
3900	3	0	0	1.54
3900	3	-0.5	0	1.51
3900	3	-1	0.4	1.5
3900	3	-1.5	0.4	1.48
3900	3	-2	0.4	1.48
3900	3.5	1	0	1.09
3900	3.5	0.5	0	1.06
3900	3.5	0	0	1.03
3900	3.5	-0.5	0	1.01
3900	3.5	-1	0.4	0.99
3900	3.5	-1.5	0.4	0.98
3900	3.5	-2	0.4	0.97
3900	4	1	0	1.02
3900	4	0.5	0	0.99
3900	4	0	0	0.96
3900	4	-0.5	0	0.94
3900	4	-1	0.4	0.92
3900	4	-1.5	0.4	0.91
3900	4	-2	0.4	0.9
3900	4.5	1	0	0.95
3900	4.5	0.5	0	0.92
3900	4.5	0	0	0.89
3900	4.5	-0.5	0	0.87
3900	4.5	-1	0.4	0.85
3900	4.5	-1.5	0.4	0.84
3900	4.5	-2	0.4	0.83
3900	5	1	0	0.88
3900	5	0.5	0	0.84
3900	5	0	0	0.82
3900	5	-0.5	0	0.79
3900	5	-1	0.4	0.78
3900	5	-1.5	0.4	0.76
3900	5	-2	0.4	0.76
4000	1	1	0	1.78
4000	1	0.5	0	1.75
4000	1	0	0	1.72
4000	1	-0.5	0	1.7
4000	1	-1	0.4	1.68
4000	1	-1.5	0.4	1.67
4000	1	-2	0.4	1.66
4000	1.5	1	0	1.72
4000	1.5	0.5	0	1.69
4000	1.5	0	0	1.66
4000	1.5	-0.5	0	1.64
4000	1.5	-1	0.4	1.62
4000	1.5	-1.5	0.4	1.61
4000	1.5	-2	0.4	1.6
4000	2	1	0	1.67
4000	2	0.5	0	1.63
4000	2	0	0	1.61
4000	2	-0.5	0	1.58
4000	2	-1	0.4	1.57
4000	2	-1.5	0.4	1.55
4000	2	-2	0.4	1.55
4000	2.5	1	0	1.6
4000	2.5	0.5	0	1.57
4000	2.5	0	0	1.54
4000	2.5	-0.5	0	1.52
4000	2.5	-1	0.4	1.5
4000	2.5	-1.5	0.4	1.49
4000	2.5	-2	0.4	1.48
4000	3	1	0	1.54
4000	3	0.5	0	1.51
4000	3	0	0	1.48
4000	3	-0.5	0	1.46
4000	3	-1	0.4	1.44
4000	3	-1.5	0.4	1.43
4000	3	-2	0.4	1.42
4000	3.5	1	0	1.09
4000	3.5	0.5	0	1.06
4000	3.5	0	0	1.03
4000	3.5	-0.5	0	1.01
4000	3.5	-1	0.4	0.99
4000	3.5	-1.5	0.4	0.98
4000	3.5	-2	0.4	0.97
4000	4	1	0	1.02
4000	4	0.5	0	0.99
4000	4	0	0	0.96
4000	4	-0.5	0	0.94
4000	4	-1	0.4	0.92
4000	4	-1.5	0.4	0.91
4000	4	-2	0.4	0.9
4000	4.5	1	0	0.95
4000	4.5	0.5	0	0.92
4000	4.5	0	0	0.89
4000	4.5	-0.5	0	0.87
4000	4.5	-1	0.4	0.85
4000	4.5	-1.5	0.4	0.84
4000	4.5	-2	0.4	0.83
4000	5	1	0	0.88
4000	5	0.5	0	0.84
4000	5	0	0	0.82
4000	5	-0.5	0	0.79
4000	5	-1	0.4	0.78
4000	5	-1.5	0.4	0.76
4000	5	-2	0.4	0.76
4100	1	1	0	1.73
4100	1	0.5	0	1.7
4100	1	0	0	1.67
4100	1	-0.5	0	1.65
4100	1	-1	0.4	1.63
4100	1	-1.5	0.4	1.62
4100	1	-2	0.4	1.61
4100	1.5	1	0	1.67
4100	1.5	0.5	0	1.64
4100	1.5	0	0	1.61
4100	1.5	-0.5	0	1.59
4100	1.5	-1	0.4	1.57
4100	1.5	-1.5	0.4	1.56
4100	1.5	-2	0.4	1.55
4100	2	1	0	1.62
4100	2	0.5	0	1.58
4100	2	0	0	1.56
4100	2	-0.5	0	1.53
4100	2	-1	0.4	1.52
4100	2	-1.5	0.4	1.5
4100	2	-2	0.4	1.5
4100	2.5	1	0	1.55
4100	2.5	0.5	0	1.52
4100	2.5	0	0	1.49
4100	2.5	-0.5	0	1.47
4100	2.5	-1	0.4	1.45
4100	2.5	-1.5	0.4	1.44
4100	2.5	-2	0.4	1.43
4100	3	1	0	1.49
4100	3	0.5	0	1.46
4100	3	0	0	1.43
4100	3	-0.5	0	1.41
4100	3	-1	0.4	1.39
4100	3	-1.5	0.4	1.38
4100	3	-2	0.4	1.37
4100	3.5	1	0	1.09
4100	3.5	0.5	0	1.06
4100	3.5	0	0	1.03
4100	3.5	-0.5	0	1.01
4100	3.5	-1	0.4	0.99
4100	3.5	-1.5	0.4	0.98
4100	3.5	-2	0.4	0.97
4100	4	1	0	1.02
4100	4	0.5	0	0.99
4100	4	0	0	0.96
4100	4	-0.5	0	0.94
4100	4	-1	0.4	0.92
4100	4	-1.5	0.4	0.91
4100	4	-2	0.4	0.9
4100	4.5	1	0	0.95
4100	4.5	0.5	0	0.92
4100	4.5	0	0	0.89
4100	4.5	-0.5	0	0.87
4100	4.5	-1	0.4	0.85
4100	4.5	-1.5	0.4	0.84
4100	4.5	-2	0.4	0.83
4100	5	1	0	0.88
4100	5	0.5	0	0.84
4100	5	0	0	0.82
4100	5	-0.5	0	0.79
4100	5	-1	0.4	0.78
4100	5	-1.5	0.4	0.76
4100	5	-2	0.4	0.76
4200	1	1	0	1.69
4200	1	0.5	0	1.66
4200	1	0	0	1.63
4200	1	-0.5	0	1.61
4200	1	-1	0.4	1.59
4200	1	-1.5	0.4	1.58
4200	1	-2	0.4	1.57
4200	1.5	1	0	1.63
4200	1.5	0.5	0	1.6
4200	1.5	0	0	1.57
4200	1.5	-0.5	0	1.55
4200	1.5	-1	0.4	1.53
4200	1.5	-1.5	0.4	1.52
4200	1.5	-2	0.4	1.51
4200	2	1	0	1.57
4200	2	0.5	0	1.54
4200	2	0	0	1.51
4200	2	-0.5	0	1.49
4200	2	-1	0.4	1.47
4200	2	-1.5	0.4	1.46
4200	2	-2	0.4	1.45
4200	2.5	1	0	1.51
4200	2.5	0.5	0	1.48
4200	2.5	0	0	1.45
4200	2.5	-0.5	0	1.43
4200	2.5	-1	0.4	1.41
4200	2.5	-1.5	0.4	1.4
4200	2.5	-2	0.4	1.39
4200	3	1	0	1.45
4200	3	0.5	0	1.42
4200	3	0	0	1.39
4200	3	-0.5	0	1.37
4200	3	-1	0.4	1.35
4200	3	-1.5	0.4	1.34
4200	3	-2	0.4	1.33
4200	3.5	1	0	1.09
4200	3.5	0.5	0	1.06
4200	3.5	0	0	1.03
4200	3.5	-0.5	0	1.01
4200	3.5	-1	0.4	0.99
4200	3.5	-1.5	0.4	0.98
4200	3.5	-2	0.4	0.97
4200	4	1	0	1.02
4200	4	0.5	0	0.99
4200	4	0	0	0.96
4200	4	-0.5	0	0.94
4200	4	-1	0.4	0.92
4200	4	-1.5	0.4	0.91
4200	4	-2	0.4	0.9
4200	4.5	1	0	0.95
4200	4.5	0.5	0	0.92
4200	4.5	0	0	0.89
4200	4.5	-0.5	0	0.87
4200	4.5	-1	0.4	0.85
4200	4.5	-1.5	0.4	0.84
4200	4.5	-2	0.4	0.83
4200	5	1	0	0.88
4200	5	0.5	0	0.84
4200	5	0	0	0.82
4200	5	-0.5	0	0.79
4200	5	-1	0.4	0.78
4200	5	-1.5	0.4	0.76
4200	5	-2	0.4	0.76
4300	1	1	0	1.65
4300	1	0.5	0	1.62
4300	1	0	0	1.59
4300	1	-0.5	0	1.57
4300	1	-1	0.4	1.55
4300	1	-1.5	0.4	1.54
4300	1	-2	0.4	1.53
4300	1.5	1	0	1.59
4300	1.5	0.5	0	1.56
4300	1.5	0	0	1.53
4300	1.5	-0.5	0	1.51
4300	1.5	-1	0.4	1.49
4300	1.5	-1.5	0.4	1.48
4300	1.5	-2	0.4	1.47
4300	2	1	0	1.54
4300	2	0.5	0	1.5
4300	2	0	0	1.48
4300	2	-0.5	0	1.45
4300	2	-1	0.4	1.44
4300	2	-1.5	0.4	1.42
4300	2	-2	0.4	1.42
4300	2.5	1	0	1.47
4300	2.5	0.5	0	1.44
4300	2.5	0	0	1.41
4300	2.5	-0.5	0	1.39
4300	2.5	-1	0.4	1.37
4300	2.5	-1.5	0.4	1.36
4300	2.5	-2	0.4	1.35
4300	3	1	0	1.41
4300	3	0.5	0	1.38
4300	3	0	0	1.35
4300	3	-0.5	0	1.33
4300	3	-1	0.4	1.31
4300	3	-1.5	0.4	1.3
4300	3	-2	0.4	1.29
4300	3.5	1	0	1.09
4300	3.5	0.5	0	1.06
4300	3.5	0	0	1.03
4300	3.5	-0.5	0	1.01
4300	3.5	-1	0.4	0.99
4300	3.5	-1.5	0.4	0.98
4300	3.5	-2	0.4	0.97
4300	4	1	0	1.02
4300	4	0.5	0	0.99
4300	4	0	0	0.96
4300	4	-0.5	0	0.94
4300	4	-1	0.4	0.92
4300	4	-1.5	0.4	0.91
4300	4	-2	0.4	0.9
4300	4.5	1	0	0.95
4300	4.5	0.5	0	0.92
4300	4.5	0	0	0.89
4300	4.5	-0.5	0	0.87
4300	4.5	-1	0.4	0.85
4300	4.5	-1.5	0.4	0.84
4300	4.5	-2	0.4	0.83
4300	5	1	0	0.88
4300	5	0.5	0	0.84
4300	5	0	0	0.82
4300	5	-0.5	0	0.79
4300	5	-1	0.4	0.78
4300	5	-1.5	0.4	0.76
4300	5	-2	0.4	0.76
4400	1	1	0	1.62
4400	1	0.5	0	1.59
4400	1	0	0	1.56
4400	1	-0.5	0	1.54
4400	1	-1	0.4	1.52
4400	1	-1.5	0.4	1.51
4400	1	-2	0.4	1.5
4400	1.5	1	0	1.56
4400	1.5	0.5	0	1.53
4400	1.5	0	0	1.5
4400	1.5	-0.5	0	1.48
4400	1.5	-1	0.4	1.46
4400	1.5	-1.5	0.4	1.45
4400	1.5	-2	0.4	1.44
4400	2	1	0	1.5
4400	2	0.5	0	1.47
4400	2	0	0	1.44
4400	2	-0.5	0	1.42
4400	2	-1	0.4	1.4
4400	2	-1.5	0.4	1.39
4400	2	-2	0.4	1.38
4400	2.5	1	0	1.44
4400	2.5	0.5	0	1.41
4400	2.5	0	0	1.38
4400	2.5	-0.5	0	1.36
4400	2.5	-1	0.4	1.34
4400	2.5	-1.5	0.4	1.33
4400	2.5	-2	0.4	1.32
4400	3	1	0	1.38
4400	3	0.5	0	1.35
4400	3	0	0	1.32
4400	3	-0.5	0	1.3
4400	3	-1	0.4	1.28
4400	3	-1.5	0.4	1.27
4400	3	-2	0.4	1.26
4400	3.5	1	0	1.09
4400	3.5	0.5	0	1.06
4400	3.5	0	0	1.03
4400	3.5	-0.5	0	1.01
4400	3.5	-1	0.4	0.99
4400	3.5	-1.5	0.4	0.98
4400	3.5	-2	0.4	0.97
4400	4	1	0	1.02
4400	4	0.5	0	0.99
4400	4	0	0	0.96
4400	4	-0.5	0	0.94
4400	4	-1	0.4	0.92
4400	4	-1.5	0.4	0.91
4400	4	-2	0.4	0.9
4400	4.5	1	0	0.95
4400	4.5	0.5	0	0.92
4400	4.5	0	0	0.89
4400	4.5	-0.5	0	0.87
4400	4.5	-1	0.4	0.85
4400	4.5	-1.5	0.4	0.84
4400	4.5	-2	0.4	0.83
4400	5	1	0	0.88
4400	5	0.5	0	0.84
4400	5	0	0	0.82
4400	5	-0.5	0	0.79
4400	5	-1	0.4	0.78
4400	5	-1.5	0.4	0.76
4400	5	-2	0.4	0.76
4500	1	1	0	1.59
4500	1	0.5	0	1.56
4500	1	0	0	1.53
4500	1	-0.5	0	1.51
4500	1	-1	0.4	1.49
4500	1	-1.5	0.4	1.48
4500	1	-2	0.4	1.47
4500	1.5	1	0	1.54
4500	1.5	0.5	0	1.51
4500	1.5	0	0	1.48
4500	1.5	-0.5	0	1.46
4500	1.5	-1	0.4	1.44
4500	1.5	-1.5	0.4	1.43
4500	1.5	-2	0.4	1.42
4500	2	1	0	1.48
4500	2	0.5	0	1.45
4500	2	0	0	1.42
4500	2	-0.5	0	1.4
4500	2	-1	0.4	1.38
4500	2	-1.5	0.4	1.37
4500	2	-2	0.4	1.36
4500	2.5	1	0	1.42
4500	2.5	0.5	0	1.39
4500	2.5	0	0	1.36
4500	2.5	-0.5	0	1.34
4500	2.5	-1	0.4	1.32
4500	2.5	-1.5	0.4	1.31
4500	2.5	-2	0.4	1.3
4500	3	1	0	1.35
4500	3	0.5	0	1.32
4500	3	0	0	1.29
4500	3	-0.5	0	1.27
4500	3	-1	0.4	1.25
4500	3	-1.5	0.4	1.24
4500	3	-2	0.4	1.23
4500	3.5	1	0	1.09
4500	3.5	0.5	0	1.06
4500	3.5	0	0	1.03
4500	3.5	-0.5	0	1.01
4500	3.5	-1	0.4	0.99
4500	3.5	-1.5	0.4	0.98
4500	3.5	-2	0.4	0.97
4500	4	1	0	1.02
4500	4	0.5	0	0.99
4500	4	0	0	0.96
4500	4	-0.5	0	0.94
4500	4	-1	0.4	0.92
4500	4	-1.5	0.4	0.91
4500	4	-2	0.4	0.9
4500	4.5	1	0	0.95
4500	4.5	0.5	0	0.92
4500	4.5	0	0	0.89
4500	4.5	-0.5	0	0.87
4500	4.5	-1	0.4	0.85
4500	4.5	-1.5	0.4	0.84
4500	4.5	-2	0.4	0.83
4500	5	1	0	0.88
4500	5	0.5	0	0.84
4500	5	0	0	0.82
4500	5	-0.5	0	0.79
4500	5	-1	0.4	0.78
4500	5	-1.5	0.4	0.76
4500	5	-2	0.4	0.76
4600	1	1	0	1.58
4600	1	0.5	0	1.54
4600	1	0	0	1.52
4600	1	-0.5	0	1.49
4600	1	-1	0.4	1.48
4600	1	-1.5	0.4	1.46
4600	1	-2	0.4	1.46
4600	1.5	1	0	1.52
4600	1.5	0.5	0	1.49
4600	1.5	0	0	1.46
4600	1.5	-0.5	0	1.44
4600	1.5	-1	0.4	1.42
4600	1.5	-1.5	0.4	1.41
4600	1.5	-2	0.4	1.4
4600	2	1	0	1.46
4600	2	0.5	0	1.43
4600	2	0	0	1.4
4600	2	-0.5	0	1.38
4600	2	-1	0.4	1.36
4600	2	-1.5	0.4	1.35
4600	2	-2	0.4	1.34
4600	2.5	1	0	1.4
4600	2.5	0.5	0	1.37
4600	2.5	0	0	1.34
4600	2.5	-0.5	0	1.32
4600	2.5	-1	0.4	1.3
4600	2.5	-1.5	0.4	1.29
4600	2.5	-2	0.4	1.28
4600	3	1	0	1.34
4600	3	0.5	0	1.3
4600	3	0	0	1.28
4600	3	-0.5	0	1.25
4600	3	-1	0.4	1.24
4600	3	-1.5	0.4	1.22
4600	3	-2	0.4	1.22
4600	3.5	1	0	1.09
4600	3.5	0.5	0	1.06
4600	3.5	0	0	1.03
4600	3.5	-0.5	0	1.01
4600	3.5	-1	0.4	0.99
4600	3.5	-1.5	0.4	0.98
4600	3.5	-2	0.4	0.97
4600	4	1	0	1.02
4600	4	0.5	0	0.99
4600	4	0	0	0.96
4600	4	-0.5	0	0.94
4600	4	-1	0.4	0.92
4600	4	-1.5	0.4	0.91
4600	4	-2	0.4	0.9
4600	4.5	1	0	0.95
4600	4.5	0.5	0	0.92
4600	4.5	0	0	0.89
4600	4.5	-0.5	0	0.87
4600	4.5	-1	0.4	0.85
4600	4.5	-1.5	0.4	0.84
4600	4.5	-2	0.4	0.83
4600	5	1	0	0.88
4600	5	0.5	0	0.84
4600	5	0	0	0.82
4600	5	-0.5	0	0.79
4600	5	-1	0.4	0.78
4600	5	-1.5	0.4	0.76
4600	5	-2	0.4	0.76
4700	1	1	0	1.56
4700	1	0.5	0	1.53
4700	1	0	0	1.5
4700	1	-0.5	0	1.48
4700	1	-1	0.4	1.46
4700	1	-1.5	0.4	1.45
4700	1	-2	0.4	1.44
4700	1.5	1	0	1.51
4700	1.5	0.5	0	1.47
4700	1.5	0	0	1.45
4700	1.5	-0.5	0	1.42
4700	1.5	-1	0.4	1.41
4700	1.5	-1.5	0.4	1.39
4700	1.5	-2	0.4	1.39
4700	2	1	0	1.45
4700	2	0.5	0	1.42
4700	2	0	0	1.39
4700	2	-0.5	0	1.37
4700	2	-1	0.4	1.35
4700	2	-1.5	0.4	1.34
4700	2	-2	0.4	1.33
4700	2.5	1	0	1.39
4700	2.5	0.5	0	1.35
4700	2.5	0	0	1.33
4700	2.5	-0.5	0	1.3
4700	2.5	-1	0.4	1.29
4700	2.5	-1.5	0.4	1.27
4700	2.5	-2	0.4	1.27
4700	3	1	0	1.32
4700	3	0.5	0	1.29
4700	3	0	0	1.26
4700	3	-0.5	0	1.24
4700	3	-1	0.4	1.22
4700	3	-1.5	0.4	1.21
4700	3	-2	0.4	1.2
4700	3.5	1	0	1.09
4700	3.5	0.5	0	1.06
4700	3.5	0	0	1.03
4700	3.5	-0.5	0	1.01
4700	3.5	-1	0.4	0.99
4700	3.5	-1.5	0.4	0.98
4700	3.5	-2	0.4	0.97
4700	4	1	0	1.02
4700	4	0.5	0	0.99
4700	4	0	0	0.96
4700	4	-0.5	0	0.94
4700	4	-1	0.4	0.92
4700	4	-1.5	0.4	0.91
4700	4	-2	0.4	0.9
4700	4.5	1	0	0.95
4700	4.5	0.5	0	0.92
4700	4.5	0	0	0.89
4700	4.5	-0.5	0	0.87
4700	4.5	-1	0.4	0.85
4700	4.5	-1.5	0.4	0.84
4700	4.5	-2	0.4	0.83
4700	5	1	0	0.88
4700	5	0.5	0	0.84
4700	5	0	0	0.82
4700	5	-0.5	0	0.79
4700	5	-1	0.4	0.78
4700	5	-1.5	0.4	0.76
4700	5	-2	0.4	0.76
4800	1	1	0	1.56
4800	1	0.5	0	1.52
4800	1	0	0	1.5
4800	1	-0.5	0	1.47
4800	1	-1	0.4	1.46
4800	1	-1.5	0.4	1.44
4800	1	-2	0.4	1.44
4800	1.5	1	0	1.5
4800	1.5	0.5	0	1.47
4800	1.5	0	0	1.44
4800	1.5	-0.5	0	1.42
4800	1.5	-1	0.4	1.4
4800	1.5	-1.5	0.4	1.39
4800	1.5	-2	0.4	1.38
4800	2	1	0	1.44
4800	2	0.5	0	1.41
4800	2	0	0	1.38
4800	2	-0.5	0	1.36
4800	2	-1	0.4	1.34
4800	2	-1.5	0.4	1.33
4800	2	-2	0.4	1.32
4800	2.5	1	0	1.38
4800	2.5	0.5	0	1.35
4800	2.5	0	0	1.32
4800	2.5	-0.5	0	1.3
4800	2.5	-1	0.4	1.28
4800	2.5	-1.5	0.4	1.27
4800	2.5	-2	0.4	1.26
4800	3	1	0	1.32
4800	3	0.5	0	1.28
4800	3	0	0	1.26
4800	3	-0.5	0	1.23
4800	3	-1	0.4	1.22
4800	3	-1.5	0.4	1.2
4800	3	-2	0.4	1.2
4800	3.5	1	0	1.09
4800	3.5	0.5	0	1.06
4800	3.5	0	0	1.03
4800	3.5	-0.5	0	1.01
4800	3.5	-1	0.4	0.99
4800	3.5	-1.5	0.4	0.98
4800	3.5	-2	0.4	0.97
4800	4	1	0	1.02
4800	4	0.5	0	0.99
4800	4	0	0	0.96
4800	4	-0.5	0	0.94
4800	4	-1	0.4	0.92
4800	4	-1.5	0.4	0.91
4800	4	-2	0.4	0.9
4800	4.5	1	0	0.95
4800	4.5	0.5	0	0.92
4800	4.5	0	0	0.89
4800	4.5	-0.5	0	0.87
4800	4.5	-1	0.4	0.85
4800	4.5	-1.5	0.4	0.84
4800	4.5	-2	0.4	0.83
4800	5	1	0	0.88
4800	5	0.5	0	0.84
4800	5	0	0	0.82
4800	5	-0.5	0	0.79
4800	5	-1	0.4	0.78
4800	5	-1.5	0.4	0.76
4800	5	-2	0.4	0.76
4900	1	1	0	1.56
4900	1	0.5	0	1.52
4900	1	0	0	1.5
4900	1	-0.5	0	1.47
4900	1	-1	0.4	1.46
4900	1	-1.5	0.4	1.44
4900	1	-2	0.4	1.44
4900	1.5	1	0	1.5
4900	1.5	0.5	0	1.47
4900	1.5	0	0	1.44
4900	1.5	-0.5	0	1.42
4900	1.5	-1	0.4	1.4
4900	1.5	-1.5	0.4	1.39
4900	1.5	-2	0.4	1.38
4900	2	1	0	1.44
4900	2	0.5	0	1.41
4900	2	0	0	1.38
4900	2	-0.5	0	1.36
4900	2	-1	0.4	1.34
4900	2	-1.5	0.4	1.33
4900	2	-2	0.4	1.32
4900	2.5	1	0	1.38
4900	2.5	0.5	0	1.35
4900	2.5	0	0	1.32
4900	2.5	-0.5	0	1.3
4900	2.5	-1	0.4	1.28
4900	2.5	-1.5	0.4	1.27
4900	2.5	-2	0.4	1.26
4900	3	1	0	1.32
4900	3	0.5	0	1.28
4900	3	0	0	1.26
4900	3	-0.5	0	1.23
4900	3	-1	0.4	1.22
4900	3	-1.5	0.4	1.2
4900	3	-2	0.4	1.2
4900	3.5	1	0	1.09
4900	3.5	0.5	0	1.06
4900	3.5	0	0	1.03
4900	3.5	-0.5	0	1.01
4900	3.5	-1	0.4	0.99
4900	3.5	-1.5	0.4	0.98
4900	3.5	-2	0.4	0.97
4900	4	1	0	1.02
4900	4	0.5	0	0.99
4900	4	0	0	0.96
4900	4	-0.5	0	0.94
4900	4	-1	0.4	0.92
4900	4	-1.5	0.4	0.91
4900	4	-2	0.4	0.9
4900	4.5	1	0	0.95
4900	4.5	0.5	0	0.92
4900	4.5	0	0	0.89
4900	4.5	-0.5	0	0.87
4900	4.5	-1	0.4	0.85
4900	4.5	-1.5	0.4	0.84
4900	4.5	-2	0.4	0.83
4900	5	1	0	0.88
4900	5	0.5	0	0.84
4900	5	0	0	0.82
4900	5	-0.5	0	0.79
4900	5	-1	0.4	0.78
4900	5	-1.5	0.4	0.76
4900	5	-2	0.4	0.76
5000	1	1	0	1.56
5000	1	0.5	0	1.53
5000	1	0	0	1.5
5000	1	-0.5	0	1.48
5000	1	-1	0.4	1.46
5000	1	-1.5	0.4	1.45
5000	1	-2	0.4	1.44
5000	1.5	1	0	1.51
5000	1.5	0.5	0	1.47
5000	1.5	0	0	1.45
5000	1.5	-0.5	0	1.42
5000	1.5	-1	0.4	1.41
5000	1.5	-1.5	0.4	1.39
5000	1.5	-2	0.4	1.39
5000	2	1	0	1.45
5000	2	0.5	0	1.41
5000	2	0	0	1.39
5000	2	-0.5	0	1.36
5000	2	-1	0.4	1.35
5000	2	-1.5	0.4	1.33
5000	2	-2	0.4	1.33
5000	2.5	1	0	1.39
5000	2.5	0.5	0	1.35
5000	2.5	0	0	1.33
5000	2.5	-0.5	0	1.3
5000	2.5	-1	0.4	1.29
5000	2.5	-1.5	0.4	1.27
5000	2.5	-2	0.4	1.27
5000	3	1	0	1.32
5000	3	0.5	0	1.29
5000	3	0	0	1.26
5000	3	-0.5	0	1.24
5000	3	-1	0.4	1.22
5000	3	-1.5	0.4	1.21
5000	3	-2	0.4	1.2
5000	3.5	1	0	1.09
5000	3.5	0.5	0	1.06
5000	3.5	0	0	1.03
5000	3.5	-0.5	0	1.01
5000	3.5	-1	0.4	0.99
5000	3.5	-1.5	0.4	0.98
5000	3.5	-2	0.4	0.97
5000	4	1	0	1.02
5000	4	0.5	0	0.99
5000	4	0	0	0.96
5000	4	-0.5	0	0.94
5000	4	-1	0.4	0.92
5000	4	-1.5	0.4	0.91
5000	4	-2	0.4	0.9
5000	4.5	1	0	0.95
5000	4.5	0.5	0	0.92
5000	4.5	0	0	0.89
5000	4.5	-0.5	0	0.87
5000	4.5	-1	0.4	0.85
5000	4.5	-1.5	0.4	0.84
5000	4.5	-2	0.4	0.83
5000	5	1	0	0.88
5000	5	0.5	0	0.84
5000	5	0	0	0.82
5000	5	-0.5	0	0.79
5000	5	-1	0.4	0.78
5000	5	-1.5	0.4	0.76
5000	5	-2	0.4	0.76
5100	1	1	0	1.57
5100	1	0.5	0	1.54
5100	1	0	0	1.51
5100	1	-0.5	0	1.49
5100	1	-1	0.4	1.47
5100	1	-1.5	0.4	1.46
5100	1	-2	0.4	1.45
5100	1.5	1	0	1.52
5100	1.5	0.5	0	1.49
5100	1.5	0	0	1.46
5100	1.5	-0.5	0	1.44
5100	1.5	-1	0.4	1.42
5100	1.5	-1.5	0.4	1.41
5100	1.5	-2	0.4	1.4
5100	2	1	0	1.46
5100	2	0.5	0	1.43
5100	2	0	0	1.4
5100	2	-0.5	0	1.38
5100	2	-1	0.4	1.36
5100	2	-1.5	0.4	1.35
5100	2	-2	0.4	1.34
5100	2.5	1	0	1.4
5100	2.5	0.5	0	1.37
5100	2.5	0	0	1.34
5100	2.5	-0.5	0	1.32
5100	2.5	-1	0.4	1.3
5100	2.5	-1.5	0.4	1.29
5100	2.5	-2	0.4	1.28
5100	3	1	0	1.33
5100	3	0.5	0	1.3
5100	3	0	0	1.27
5100	3	-0.5	0	1.25
5100	3	-1	0.4	1.23
5100	3	-1.5	0.4	1.22
5100	3	-2	0.4	1.21
5100	3.5	1	0	1.1
5100	3.5	0.5	0	1.07
5100	3.5	0	0	1.04
5100	3.5	-0.5	0	1.02
5100	3.5	-1	0.4	1
5100	3.5	-1.5	0.4	0.99
5100	3.5	-2	0.4	0.98
5100	4	1	0	1.03
5100	4	0.5	0	1
5100	4	0	0	0.97
5100	4	-0.5	0	0.95
5100	4	-1	0.4	0.93
5100	4	-1.5	0.4	0.92
5100	4	-2	0.4	0.91
5100	4.5	1	0	0.96
5100	4.5	0.5	0	0.93
5100	4.5	0	0	0.9
5100	4.5	-0.5	0	0.88
5100	4.5	-1	0.4	0.86
5100	4.5	-1.5	0.4	0.85
5100	4.5	-2	0.4	0.84
5100	5	1	0	0.89
5100	5	0.5	0	0.86
5100	5	0	0	0.83
5100	5	-0.5	0	0.81
5100	5	-1	0.4	0.79
5100	5	-1.5	0.4	0.78
5100	5	-2	0.4	0.77
5200	1	1	0	1.59
5200	1	0.5	0	1.56
5200	1	0	0	1.53
5200	1	-0.5	0	1.51
5200	1	-1	0.4	1.49
5200	1	-1.5	0.4	1.48
5200	1	-2	0.4	1.47
5200	1.5	1	0	1.54
5200	1.5	0.5	0	1.5
5200	1.5	0	0	1.48
5200	1.5	-0.5	0	1.45
5200	1.5	-1	0.4	1.44
5200	1.5	-1.5	0.4	1.42
5200	1.5	-2	0.4	1.42
5200	2	1	0	1.48
5200	2	0.5	0	1.45
5200	2	0	0	1.42
5200	2	-0.5	0	1.4
5200	2	-1	0.4	1.38
5200	2	-1.5	0.4	1.37
5200	2	-2	0.4	1.36
5200	2.5	1	0	1.42
5200	2.5	0.5	0	1.38
5200	2.5	0	0	1.36
5200	2.5	-0.5	0	1.33
5200	2.5	-1	0.4	1.32
5200	2.5	-1.5	0.4	1.3
5200	2.5	-2	0.4	1.3
5200	3	1	0	1.35
5200	3	0.5	0	1.32
5200	3	0	0	1.29
5200	3	-0.5	0	1.27
5200	3	-1	0.4	1.25
5200	3	-1.5	0.4	1.24
5200	3	-2	0.4	1.23
5200	3.5	1	0	1.12
5200	3.5	0.5	0	1.08
5200	3.5	0	0	1.06
5200	3.5	-0.5	0	1.03
5200	3.5	-1	0.4	1.02
5200	3.5	-1.5	0.4	1
5200	3.5	-2	0.4	1
5200	4	1	0	1.05
5200	4	0.5	0	1.02
5200	4	0	0	0.99
5200	4	-0.5	0	0.97
5200	4	-1	0.4	0.95
5200	4	-1.5	0.4	0.94
5200	4	-2	0.4	0.93
5200	4.5	1	0	0.98
5200	4.5	0.5	0	0.94
5200	4.5	0	0	0.92
5200	4.5	-0.5	0	0.89
5200	4.5	-1	0.4	0.88
5200	4.5	-1.5	0.4	0.86
5200	4.5	-2	0.4	0.86
5200	5	1	0	0.9
5200	5	0.5	0	0.87
5200	5	0	0	0.84
5200	5	-0.5	0	0.82
5200	5	-1	0.4	0.8
5200	5	-1.5	0.4	0.79
5200	5	-2	0.4	0.78
5300	1	1	0	1.62
5300	1	0.5	0	1.58
5300	1	0	0	1.56
5300	1	-0.5	0	1.53
5300	1	-1	0.4	1.52
5300	1	-1.5	0.4	1.5
5300	1	-2	0.4	1.5
5300	1.5	1	0	1.56
5300	1.5	0.5	0	1.53
5300	1.5	0	0	1.5
5300	1.5	-0.5	0	1.48
5300	1.5	-1	0.4	1.46
5300	1.5	-1.5	0.4	1.45
5300	1.5	-2	0.4	1.44
5300	2	1	0	1.5
5300	2	0.5	0	1.47
5300	2	0	0	1.44
5300	2	-0.5	0	1.42
5300	2	-1	0.4	1.4
5300	2	-1.5	0.4	1.39
5300	2	-2	0.4	1.38
5300	2.5	1	0	1.44
5300	2.5	0.5	0	1.41
5300	2.5	0	0	1.38
5300	2.5	-0.5	0	1.36
5300	2.5	-1	0.4	1.34
5300	2.5	-1.5	0.4	1.33
5300	2.5	-2	0.4	1.32
5300	3	1	0	1.38
5300	3	0.5	0	1.34
5300	3	0	0	1.32
5300	3	-0.5	0	1.29
5300	3	-1	0.4	1.28
5300	3	-1.5	0.4	1.26
5300	3	-2	0.4	1.26
5300	3.5	1	0	1.13
5300	3.5	0.5	0	1.1
5300	3.5	0	0	1.07
5300	3.5	-0.5	0	1.05
5300	3.5	-1	0.4	1.03
5300	3.5	-1.5	0.4	1.02
5300	3.5	-2	0.4	1.01
5300	4	1	0	1.07
5300	4	0.5	0	1.03
5300	4	0	0	1.01
5300	4	-0.5	0	0.98
5300	4	-1	0.4	0.97
5300	4	-1.5	0.4	0.95
5300	4	-2	0.4	0.95
5300	4.5	1	0	0.99
5300	4.5	0.5	0	0.96
5300	4.5	0	0	0.93
5300	4.5	-0.5	0	0.91
5300	4.5	-1	0.4	0.89
5300	4.5	-1.5	0.4	0.88
5300	4.5	-2	0.4	0.87
5300	5	1	0	0.92
5300	5	0.5	0	0.89
5300	5	0	0	0.86
5300	5	-0.5	0	0.84
5300	5	-1	0.4	0.82
5300	5	-1.5	0.4	0.81
5300	5	-2	0.4	0.8
5400	1	1	0	1.65
5400	1	0.5	0	1.62
5400	1	0	0	1.59
5400	1	-0.5	0	1.57
5400	1	-1	0.4	1.55
5400	1	-1.5	0.4	1.54
5400	1	-2	0.4	1.53
5400	1.5	1	0	1.59
5400	1.5	0.5	0	1.56
5400	1.5	0	0	1.53
5400	1.5	-0.5	0	1.51
5400	1.5	-1	0.4	1.49
5400	1.5	-1.5	0.4	1.48
5400	1.5	-2	0.4	1.47
5400	2	1	0	1.53
5400	2	0.5	0	1.5
5400	2	0	0	1.47
5400	2	-0.5	0	1.45
5400	2	-1	0.4	1.43
5400	2	-1.5	0.4	1.42
5400	2	-2	0.4	1.41
5400	2.5	1	0	1.47
5400	2.5	0.5	0	1.44
5400	2.5	0	0	1.41
5400	2.5	-0.5	0	1.39
5400	2.5	-1	0.4	1.37
5400	2.5	-1.5	0.4	1.36
5400	2.5	-2	0.4	1.35
5400	3	1	0	1.41
5400	3	0.5	0	1.38
5400	3	0	0	1.35
5400	3	-0.5	0	1.33
5400	3	-1	0.4	1.31
5400	3	-1.5	0.4	1.3
5400	3	-2	0.4	1.29
5400	3.5	1	0	1.16
5400	3.5	0.5	0	1.12
5400	3.5	0	0	1.1
5400	3.5	-0.5	0	1.07
5400	3.5	-1	0.4	1.06
5400	3.5	-1.5	0.4	1.04
5400	3.5	-2	0.4	1.04
5400	4	1	0	1.09
5400	4	0.5	0	1.05
5400	4	0	0	1.03
5400	4	-0.5	0	1
5400	4	-1	0.4	0.99
5400	4	-1.5	0.4	0.97
5400	4	-2	0.4	0.97
5400	4.5	1	0	1.02
5400	4.5	0.5	0	0.98
5400	4.5	0	0	0.96
5400	4.5	-0.5	0	0.93
5400	4.5	-1	0.4	0.92
5400	4.5	-1.5	0.4	0.9
5400	4.5	-2	0.4	0.9
5400	5	1	0	0.94
5400	5	0.5	0	0.91
5400	5	0	0	0.88
5400	5	-0.5	0	0.86
5400	5	-1	0.4	0.84
5400	5	-1.5	0.4	0.83
5400	5	-2	0.4	0.82
5500	1	1	0	1.69
5500	1	0.5	0	1.65
5500	1	0	0	1.63
5500	1	-0.5	0	1.6
5500	1	-1	0.4	1.59
5500	1	-1.5	0.4	1.57
5500	1	-2	0.4	1.57
5500	1.5	1	0	1.63
5500	1.5	0.5	0	1.6
5500	1.5	0	0	1.57
5500	1.5	-0.5	0	1.55
5500	1.5	-1	0.4	1.53
5500	1.5	-1.5	0.4	1.52
5500	1.5	-2	0.4	1.51
5500	2	1	0	1.57
5500	2	0.5	0	1.54
5500	2	0	0	1.51
5500	2	-0.5	0	1.49
5500	2	-1	0.4	1.47
5500	2	-1.5	0.4	1.46
5500	2	-2	0.4	1.45
5500	2.5	1	0	1.51
5500	2.5	0.5	0	1.48
5500	2.5	0	0	1.45
5500	2.5	-0.5	0	1.43
5500	2.5	-1	0.4	1.41
5500	2.5	-1.5	0.4	1.4
5500	2.5	-2	0.4	1.39
5500	3	1	0	1.45
5500	3	0.5	0	1.41
5500	3	0	0	1.39
5500	3	-0.5	0	1.36
5500	3	-1	0.4	1.35
5500	3	-1.5	0.4	1.33
5500	3	-2	0.4	1.33
5500	3.5	1	0	1.18
5500	3.5	0.5	0	1.15
5500	3.5	0	0	1.12
5500	3.5	-0.5	0	1.1
5500	3.5	-1	0.4	1.08
5500	3.5	-1.5	0.4	1.07
5500	3.5	-2	0.4	1.06
5500	4	1	0	1.11
5500	4	0.5	0	1.08
5500	4	0	0	1.05
5500	4	-0.5	0	1.03
5500	4	-1	0.4	1.01
5500	4	-1.5	0.4	1
5500	4	-2	0.4	0.99
5500	4.5	1	0	1.04
5500	4.5	0.5	0	1.01
5500	4.5	0	0	0.98
5500	4.5	-0.5	0	0.96
5500	4.5	-1	0.4	0.94
5500	4.5	-1.5	0.4	0.93
5500	4.5	-2	0.4	0.92
5500	5	1	0	0.97
5500	5	0.5	0	0.93
5500	5	0	0	0.91
5500	5	-0.5	0	0.88
5500	5	-1	0.4	0.87
5500	5	-1.5	0.4	0.85
5500	5	-2	0.4	0.85
5600	1	1	0	1.73
5600	1	0.5	0	1.7
5600	1	0	0	1.67
5600	1	-0.5	0	1.65
5600	1	-1	0.4	1.63
5600	1	-1.5	0.4	1.62
5600	1	-2	0.4	1.61
5600	1.5	1	0	1.67
5600	1.5	0.5	0	1.64
5600	1.5	0	0	1.61
5600	1.5	-0.5	0	1.59
5600	1.5	-1	0.4	1.57
5600	1.5	-1.5	0.4	1.56
5600	1.5	-2	0.4	1.55
5600	2	1	0	1.61
5600	2	0.5	0	1.58
5600	2	0	0	1.55
5600	2	-0.5	0	1.53
5600	2	-1	0.4	1.51
5600	2	-1.5	0.4	1.5
5600	2	-2	0.4	1.49
5600	2.5	1	0	1.55
5600	2.5	0.5	0	1.52
5600	2.5	0	0	1.49
5600	2.5	-0.5	0	1.47
5600	2.5	-1	0.4	1.45
5600	2.5	-1.5	0.4	1.44
5600	2.5	-2	0.4	1.43
5600	3	1	0	1.49
5600	3	0.5	0	1.46
5600	3	0	0	1.43
5600	3	-0.5	0	1.41
5600	3	-1	0.4	1.39
5600	3	-1.5	0.4	1.38
5600	3	-2	0.4	1.37
5600	3.5	1	0	1.21
5600	3.5	0.5	0	1.17
5600	3.5	0	0	1.15
5600	3.5	-0.5	0	1.12
5600	3.5	-1	0.4	1.11
5600	3.5	-1.5	0.4	1.09
5600	3.5	-2	0.4	1.09
5600	4	1	0	1.14
5600	4	0.5	0	1.1
5600	4	0	0	1.08
5600	4	-0.5	0	1.05
5600	4	-1	0.4	1.04
5600	4	-1.5	0.4	1.02
5600	4	-2	0.4	1.02
5600	4.5	1	0	1.07
5600	4.5	0.5	0	1.03
5600	4.5	0	0	1.01
5600	4.5	-0.5	0	0.98
5600	4.5	-1	0.4	0.97
5600	4.5	-1.5	0.4	0.95
5600	4.5	-2	0.4	0.95
5600	5	1	0	0.99
5600	5	0.5	0	0.96
5600	5	0	0	0.93
5600	5	-0.5	0	0.91
5600	5	-1	0.4	0.89
5600	5	-1.5	0.4	0.88
5600	5	-2	0.4	0.87
5700	1	1	0	1.78
5700	1	0.5	0	1.75
5700	1	0	0	1.72
5700	1	-0.5	0	1.7
5700	1	-1	0.4	1.68
5700	1	-1.5	0.4	1.67
5700	1	-2	0.4	1.66
5700	1.5	1	0	1.72
5700	1.5	0.5	0	1.69
5700	1.5	0	0	1.66
5700	1.5	-0.5	0	1.64
5700	1.5	-1	0.4	1.62
5700	1.5	-1.5	0.4	1.61
5700	1.5	-2	0.4	1.6
5700	2	1	0	1.66
5700	2	0.5	0	1.63
5700	2	0	0	1.6
5700	2	-0.5	0	1.58
5700	2	-1	0.4	1.56
5700	2	-1.5	0.4	1.55
5700	2	-2	0.4	1.54
5700	2.5	1	0	1.6
5700	2.5	0.5	0	1.57
5700	2.5	0	0	1.54
5700	2.5	-0.5	0	1.52
5700	2.5	-1	0.4	1.5
5700	2.5	-1.5	0.4	1.49
5700	2.5	-2	0.4	1.48
5700	3	1	0	1.54
5700	3	0.5	0	1.51
5700	3	0	0	1.48
5700	3	-0.5	0	1.46
5700	3	-1	0.4	1.44
5700	3	-1.5	0.4	1.43
5700	3	-2	0.4	1.42
5700	3.5	1	0	1.23
5700	3.5	0.5	0	1.2
5700	3.5	0	0	1.17
5700	3.5	-0.5	0	1.15
5700	3.5	-1	0.4	1.13
5700	3.5	-1.5	0.4	1.12
5700	3.5	-2	0.4	1.11
5700	4	1	0	1.17
5700	4	0.5	0	1.13
5700	4	0	0	1.11
5700	4	-0.5	0	1.08
5700	4	-1	0.4	1.07
5700	4	-1.5	0.4	1.05
5700	4	-2	0.4	1.05
5700	4.5	1	0	1.09
5700	4.5	0.5	0	1.06
5700	4.5	0	0	1.03
5700	4.5	-0.5	0	1.01
5700	4.5	-1	0.4	0.99
5700	4.5	-1.5	0.4	0.98
5700	4.5	-2	0.4	0.97
5700	5	1	0	1.02
5700	5	0.5	0	0.99
5700	5	0	0	0.96
5700	5	-0.5	0	0.94
5700	5	-1	0.4	0.92
5700	5	-1.5	0.4	0.91
5700	5	-2	0.4	0.9
5800	1	1	0	1.83
5800	1	0.5	0	1.8
5800	1	0	0	1.77
5800	1	-0.5	0	1.75
5800	1	-1	0.4	1.73
5800	1	-1.5	0.4	1.72
5800	1	-2	0.4	1.71
5800	1.5	1	0	1.78
5800	1.5	0.5	0	1.74
5800	1.5	0	0	1.72
5800	1.5	-0.5	0	1.69
5800	1.5	-1	0.4	1.68
5800	1.5	-1.5	0.4	1.66
5800	1.5	-2	0.4	1.66
5800	2	1	0	1.72
5800	2	0.5	0	1.69
5800	2	0	0	1.66
5800	2	-0.5	0	1.64
5800	2	-1	0.4	1.62
5800	2	-1.5	0.4	1.61
5800	2	-2	0.4	1.6
5800	2.5	1	0	1.66
5800	2.5	0.5	0	1.62
5800	2.5	0	0	1.6
5800	2.5	-0.5	0	1.57
5800	2.5	-1	0.4	1.56
5800	2.5	-1.5	0.4	1.54
5800	2.5	-2	0.4	1.54
5800	3	1	0	1.59
5800	3	0.5	0	1.56
5800	3	0	0	1.53
5800	3	-0.5	0	1.51
5800	3	-1	0.4	1.49
5800	3	-1.5	0.4	1.48
5800	3	-2	0.4	1.47
5800	3.5	1	0	1.27
5800	3.5	0.5	0	1.24
5800	3.5	0	0	1.21
5800	3.5	-0.5	0	1.19
5800	3.5	-1	0.4	1.17
5800	3.5	-1.5	0.4	1.16
5800	3.5	-2	0.4	1.15
5800	4	1	0	1.2
5800	4	0.5	0	1.17
5800	4	0	0	1.14
5800	4	-0.5	0	1.12
5800	4	-1	0.4	1.1
5800	4	-1.5	0.4	1.09
5800	4	-2	0.4	1.08
5800	4.5	1	0	1.13
5800	4.5	0.5	0	1.1
5800	4.5	0	0	1.07
5800	4.5	-0.5	0	1.05
5800	4.5	-1	0.4	1.03
5800	4.5	-1.5	0.4	1.02
5800	4.5	-2	0.4	1.01
5800	5	1	0	1.05
5800	5	0.5	0	1.02
5800	5	0	0	0.99
5800	5	-0.5	0	0.97
5800	5	-1	0.4	0.95
5800	5	-1.5	0.4	0.94
5800	5	-2	0.4	0.93
5900	1	1	0	1.9
5900	1	0.5	0	1.86
5900	1	0	0	1.84
5900	1	-0.5	0	1.81
5900	1	-1	0.4	1.8
5900	1	-1.5	0.4	1.78
5900	1	-2	0.4	1.78
5900	1.5	1	0	1.84
5900	1.5	0.5	0	1.81
5900	1.5	0	0	1.78
5900	1.5	-0.5	0	1.76
5900	1.5	-1	0.4	1.74
5900	1.5	-1.5	0.4	1.73
5900	1.5	-2	0.4	1.72
5900	2	1	0	1.78
5900	2	0.5	0	1.75
5900	2	0	0	1.72
5900	2	-0.5	0	1.7
5900	2	-1	0.4	1.68
5900	2	-1.5	0.4	1.67
5900	2	-2	0.4	1.66
5900	2.5	1	0	1.72
5900	2.5	0.5	0	1.69
5900	2.5	0	0	1.66
5900	2.5	-0.5	0	1.64
5900	2.5	-1	0.4	1.62
5900	2.5	-1.5	0.4	1.61
5900	2.5	-2	0.4	1.6
5900	3	1	0	1.66
5900	3	0.5	0	1.62
5900	3	0	0	1.6
5900	3	-0.5	0	1.57
5900	3	-1	0.4	1.56
5900	3	-1.5	0.4	1.54
5900	3	-2	0.4	1.54
5900	3.5	1	0	1.3
5900	3.5	0.5	0	1.27
5900	3.5	0	0	1.24
5900	3.5	-0.5	0	1.22
5900	3.5	-1	0.4	1.2
5900	3.5	-1.5	0.4	1.19
5900	3.5	-2	0.4	1.18
5900	4	1	0	1.23
5900	4	0.5	0	1.2
5900	4	0	0	1.17
5900	4	-0.5	0	1.15
5900	4	-1	0.4	1.13
5900	4	-1.5	0.4	1.12
5900	4	-2	0.4	1.11
5900	4.5	1	0	1.16
5900	4.5	0.5	0	1.13
5900	4.5	0	0	1.1
5900	4.5	-0.5	0	1.08
5900	4.5	-1	0.4	1.06
5900	4.5	-1.5	0.4	1.05
5900	4.5	-2	0.4	1.04
5900	5	1	0	1.09
5900	5	0.5	0	1.06
5900	5	0	0	1.03
5900	5	-0.5	0	1.01
5900	5	-1	0.4	0.99
5900	5	-1.5	0.4	0.98
5900	5	-2	0.4	0.97
6000	1	1	0	1.96
6000	1	0.5	0	1.93
6000	1	0	0	1.9
6000	1	-0.5	0	1.88
6000	1	-1	0.4	1.86
6000	1	-1.5	0.4	1.85
6000	1	-2	0.4	1.84
6000	1.5	1	0	1.91
6000	1.5	0.5	0	1.87
6000	1.5	0	0	1.85
6000	1.5	-0.5	0	1.82
6000	1.5	-1	0.4	1.81
6000	1.5	-1.5	0.4	1.79
6000	1.5	-2	0.4	1.79
6000	2	1	0	1.85
6000	2	0.5	0	1.82
6000	2	0	0	1.79
6000	2	-0.5	0	1.77
6000	2	-1	0.4	1.75
6000	2	-1.5	0.4	1.74
6000	2	-2	0.4	1.73
6000	2.5	1	0	1.79
6000	2.5	0.5	0	1.75
6000	2.5	0	0	1.73
6000	2.5	-0.5	0	1.7
6000	2.5	-1	0.4	1.69
6000	2.5	-1.5	0.4	1.67
6000	2.5	-2	0.4	1.67
6000	3	1	0	1.72
6000	3	0.5	0	1.69
6000	3	0	0	1.66
6000	3	-0.5	0	1.64
6000	3	-1	0.4	1.62
6000	3	-1.5	0.4	1.61
6000	3	-2	0.4	1.6
6000	3.5	1	0	1.34
6000	3.5	0.5	0	1.31
6000	3.5	0	0	1.28
6000	3.5	-0.5	0	1.26
6000	3.5	-1	0.4	1.24
6000	3.5	-1.5	0.4	1.23
6000	3.5	-2	0.4	1.22
6000	4	1	0	1.27
6000	4	0.5	0	1.24
6000	4	0	0	1.21
6000	4	-0.5	0	1.19
6000	4	-1	0.4	1.17
6000	4	-1.5	0.4	1.16
6000	4	-2	0.4	1.15
6000	4.5	1	0	1.2
6000	4.5	0.5	0	1.17
6000	4.5	0	0	1.14
6000	4.5	-0.5	0	1.12
6000	4.5	-1	0.4	1.1
6000	4.5	-1.5	0.4	1.09
6000	4.5	-2	0.4	1.08
6000	5	1	0	1.13
6000	5	0.5	0	1.1
6000	5	0	0	1.07
6000	5	-0.5	0	1.05
6000	5	-1	0.4	1.03
6000	5	-1.5	0.4	1.02
6000	5	-2	0.4	1.01
6100	1	1	0	2.04
6100	1	0.5	0	2
6100	1	0	0	1.98
6100	1	-0.5	0	1.95
6100	1	-1	0.4	1.94
6100	1	-1.5	0.4	1.92
6100	1	-2	0.4	1.92
6100	1.5	1	0	1.98
6100	1.5	0.5	0	1.95
6100	1.5	0	0	1.92
6100	1.5	-0.5	0	1.9
6100	1.5	-1	0.4	1.88
6100	1.5	-1.5	0.4	1.87
6100	1.5	-2	0.4	1.86
6100	2	1	0	1.92
6100	2	0.5	0	1.89
6100	2	0	0	1.86
6100	2	-0.5	0	1.84
6100	2	-1	0.4	1.82
6100	2	-1.5	0.4	1.81
6100	2	-2	0.4	1.8
6100	2.5	1	0	1.86
6100	2.5	0.5	0	1.83
6100	2.5	0	0	1.8
6100	2.5	-0.5	0	1.78
6100	2.5	-1	0.4	1.76
6100	2.5	-1.5	0.4	1.75
6100	2.5	-2	0.4	1.74
6100	3	1	0	1.8
6100	3	0.5	0	1.76
6100	3	0	0	1.74
6100	3	-0.5	0	1.71
6100	3	-1	0.4	1.7
6100	3	-1.5	0.4	1.68
6100	3	-2	0.4	1.68
6100	3.5	1	0	1.38
6100	3.5	0.5	0	1.35
6100	3.5	0	0	1.32
6100	3.5	-0.5	0	1.3
6100	3.5	-1	0.4	1.28
6100	3.5	-1.5	0.4	1.27
6100	3.5	-2	0.4	1.26
6100	4	1	0	1.31
6100	4	0.5	0	1.28
6100	4	0	0	1.25
6100	4	-0.5	0	1.23
6100	4	-1	0.4	1.21
6100	4	-1.5	0.4	1.2
6100	4	-2	0.4	1.19
6100	4.5	1	0	1.24
6100	4.5	0.5	0	1.21
6100	4.5	0	0	1.18
6100	4.5	-0.5	0	1.16
6100	4.5	-1	0.4	1.14
6100	4.5	-1.5	0.4	1.13
6100	4.5	-2	0.4	1.12
6100	5	1	0	1.17
6100	5	0.5	0	1.14
6100	5	0	0	1.11
6100	5	-0.5	0	1.09
6100	5	-1	0.4	1.07
6100	5	-1.5	0.4	1.06
6100	5	-2	0.4	1.05
6200	1	1	0	2.12
6200	1	0.5	0	2.09
6200	1	0	0	2.06
6200	1	-0.5	0	2.04
6200	1	-1	0.4	2.02
6200	1	-1.5	0.4	2.01
6200	1	-2	0.4	2
6200	1.5	1	0	2.06
6200	1.5	0.5	0	2.03
6200	1.5	0	0	2
6200	1.5	-0.5	0	1.98
6200	1.5	-1	0.4	1.96
6200	1.5	-1.5	0.4	1.95
6200	1.5	-2	0.4	1.94
6200	2	1	0	2
6200	2	0.5	0	1.97
6200	2	0	0	1.94
6200	2	-0.5	0	1.92
6200	2	-1	0.4	1.9
6200	2	-1.5	0.4	1.89
6200	2	-2	0.4	1.88
6200	2.5	1	0	1.94
6200	2.5	0.5	0	1.91
6200	2.5	0	0	1.88
6200	2.5	-0.5	0	1.86
6200	2.5	-1	0.4	1.84
6200	2.5	-1.5	0.4	1.83
6200	2.5	-2	0.4	1.82
6200	3	1	0	1.88
6200	3	0.5	0	1.85
6200	3	0	0	1.82
6200	3	-0.5	0	1.8
6200	3	-1	0.4	1.78
6200	3	-1.5	0.4	1.77
6200	3	-2	0.4	1.76
6200	3.5	1	0	1.43
6200	3.5	0.5	0	1.4
6200	3.5	0	0	1.37
6200	3.5	-0.5	0	1.35
6200	3.5	-1	0.4	1.33
6200	3.5	-1.5	0.4	1.32
6200	3.5	-2	0.4	1.31
6200	4	1	0	1.36
6200	4	0.5	0	1.33
6200	4	0	0	1.3
6200	4	-0.5	0	1.28
6200	4	-1	0.4	1.26
6200	4	-1.5	0.4	1.25
6200	4	-2	0.4	1.24
6200	4.5	1	0	1.29
6200	4.5	0.5	0	1.26
6200	4.5	0	0	1.23
6200	4.5	-0.5	0	1.21
6200	4.5	-1	0.4	1.19
6200	4.5	-1.5	0.4	1.18
6200	4.5	-2	0.4	1.17
6200	5	1	0	1.21
6200	5	0.5	0	1.18
6200	5	0	0	1.15
6200	5	-0.5	0	1.13
6200	5	-1	0.4	1.11
6200	5	-1.5	0.4	1.1
6200	5	-2	0.4	1.09
6300	1	1	0	2.2
6300	1	0.5	0	2.17
6300	1	0	0	2.14
6300	1	-0.5	0	2.12
6300	1	-1	0.4	2.1
6300	1	-1.5	0.4	2.09
6300	1	-2	0.4	2.08
6300	1.5	1	0	2.15
6300	1.5	0.5	0	2.12
6300	1.5	0	0	2.09
6300	1.5	-0.5	0	2.07
6300	1.5	-1	0.4	2.05
6300	1.5	-1.5	0.4	2.04
6300	1.5	-2	0.4	2.03
6300	2	1	0	2.09
6300	2	0.5	0	2.06
6300	2	0	0	2.03
6300	2	-0.5	0	2.01
6300	2	-1	0.4	1.99
6300	2	-1.5	0.4	1.98
6300	2	-2	0.4	1.97
6300	2.5	1	0	2.03
6300	2.5	0.5	0	2
6300	2.5	0	0	1.97
6300	2.5	-0.5	0	1.95
6300	2.5	-1	0.4	1.93
6300	2.5	-1.5	0.4	1.92
6300	2.5	-2	0.4	1.91
6300	3	1	0	1.96
6300	3	0.5	0	1.93
6300	3	0	0	1.9
6300	3	-0.5	0	1.88
6300	3	-1	0.4	1.86
6300	3	-1.5	0.4	1.85
6300	3	-2	0.4	1.84
6300	3.5	1	0	1.48
6300	3.5	0.5	0	1.44
6300	3.5	0	0	1.42
6300	3.5	-0.5	0	1.39
6300	3.5	-1	0.4	1.38
6300	3.5	-1.5	0.4	1.36
6300	3.5	-2	0.4	1.36
6300	4	1	0	1.41
6300	4	0.5	0	1.37
6300	4	0	0	1.35
6300	4	-0.5	0	1.32
6300	4	-1	0.4	1.31
6300	4	-1.5	0.4	1.29
6300	4	-2	0.4	1.29
6300	4.5	1	0	1.34
6300	4.5	0.5	0	1.3
6300	4.5	0	0	1.28
6300	4.5	-0.5	0	1.25
6300	4.5	-1	0.4	1.24
6300	4.5	-1.5	0.4	1.22
6300	4.5	-2	0.4	1.22
6300	5	1	0	1.26
6300	5	0.5	0	1.23
6300	5	0	0	1.2
6300	5	-0.5	0	1.18
6300	5	-1	0.4	1.16
6300	5	-1.5	0.4	1.15
6300	5	-2	0.4	1.14
6400	1	1	0	2.3
6400	1	0.5	0	2.26
6400	1	0	0	2.24
6400	1	-0.5	0	2.21
6400	1	-1	0.4	2.2
6400	1	-1.5	0.4	2.18
6400	1	-2	0.4	2.18
6400	1.5	1	0	2.24
6400	1.5	0.5	0	2.21
6400	1.5	0	0	2.18
6400	1.5	-0.5	0	2.16
6400	1.5	-1	0.4	2.14
6400	1.5	-1.5	0.4	2.13
6400	1.5	-2	0.4	2.12
6400	2	1	0	2.18
6400	2	0.5	0	2.15
6400	2	0	0	2.12
6400	2	-0.5	0	2.1
6400	2	-1	0.4	2.08
6400	2	-1.5	0.4	2.07
6400	2	-2	0.4	2.06
6400	2.5	1	0	2.12
6400	2.5	0.5	0	2.09
6400	2.5	0	0	2.06
6400	2.5	-0.5	0	2.04
6400	2.5	-1	0.4	2.02
6400	2.5	-1.5	0.4	2.01
6400	2.5	-2	0.4	2
6400	3	1	0	2.06
6400	3	0.5	0	2.02
6400	3	0	0	2
6400	3	-0.5	0	1.97
6400	3	-1	0.4	1.96
6400	3	-1.5	0.4	1.94
6400	3	-2	0.4	1.94
6400	3.5	1	0	1.53
6400	3.5	0.5	0	1.49
6400	3.5	0	0	1.47
6400	3.5	-0.5	0	1.44
6400	3.5	-1	0.4	1.43
6400	3.5	-1.5	0.4	1.41
6400	3.5	-2	0.4	1.41
6400	4	1	0	1.46
6400	4	0.5	0	1.42
6400	4	0	0	1.4
6400	4	-0.5	0	1.37
6400	4	-1	0.4	1.36
6400	4	-1.5	0.4	1.34
6400	4	-2	0.4	1.34
6400	4.5	1	0	1.39
6400	4.5	0.5	0	1.35
6400	4.5	0	0	1.33
6400	4.5	-0.5	0	1.3
6400	4.5	-1	0.4	1.29
6400	4.5	-1.5	0.4	1.27
6400	4.5	-2	0.4	1.27
6400	5	1	0	1.31
6400	5	0.5	0	1.28
6400	5	0	0	1.25
6400	5	-0.5	0	1.23
6400	5	-1	0.4	1.21
6400	5	-1.5	0.4	1.2
6400	5	-2	0.4	1.19
6500	1	1	0	2.4
6500	1	0.5	0	2.36
6500	1	0	0	2.34
6500	1	-0.5	0	2.31
6500	1	-1	0.4	2.3
6500	1	-1.5	0.4	2.28
6500	1	-2	0.4	2.28
6500	1.5	1	0	2.34
6500	1.5	0.5	0	2.31
6500	1.5	0	0	2.28
6500	1.5	-0.5	0	2.26
6500	1.5	-1	0.4	2.24
6500	1.5	-1.5	0.4	2.23
6500	1.5	-2	0.4	2.22
6500	2	1	0	2.28
6500	2	0.5	0	2.25
6500	2	0	0	2.22
6500	2	-0.5	0	2.2
6500	2	-1	0.4	2.18
6500	2	-1.5	0.4	2.17
6500	2	-2	0.4	2.16
6500	2.5	1	0	2.22
6500	2.5	0.5	0	2.19
6500	2.5	0	0	2.16
6500	2.5	-0.5	0	2.14
6500	2.5	-1	0.4	2.12
6500	2.5	-1.5	0.4	2.11
6500	2.5	-2	0.4	2.1
6500	3	1	0	2.16
6500	3	0.5	0	2.12
6500	3	0	0	2.1
6500	3	-0.5	0	2.07
6500	3	-1	0.4	2.06
6500	3	-1.5	0.4	2.04
6500	3	-2	0.4	2.04
6500	3.5	1	0	1.58
6500	3.5	0.5	0	1.55
6500	3.5	0	0	1.52
6500	3.5	-0.5	0	1.5
6500	3.5	-1	0.4	1.48
6500	3.5	-1.5	0.4	1.47
6500	3.5	-2	0.4	1.46
6500	4	1	0	1.51
6500	4	0.5	0	1.48
6500	4	0	0	1.45
6500	4	-0.5	0	1.43
6500	4	-1	0.4	1.41
6500	4	-1.5	0.4	1.4
6500	4	-2	0.4	1.39
6500	4.5	1	0	1.44
6500	4.5	0.5	0	1.41
6500	4.5	0	0	1.38
6500	4.5	-0.5	0	1.36
6500	4.5	-1	0.4	1.34
6500	4.5	-1.5	0.4	1.33
6500	4.5	-2	0.4	1.32
6500	5	1	0	1.37
6500	5	0.5	0	1.33
6500	5	0	0	1.31
6500	5	-0.5	0	1.28
6500	5	-1	0.4	1.27
6500	5	-1.5	0.4	1.25
6500	5	-2	0.4	1.25
